TimeStamp,LineCount,Distance 
19-05-2024_17-59-15.jpg,45,51
19-09-2024_21-50-53.jpg,45,51
19-05-2024_19-21-54.jpg,45,51
frame_45000.jpg,45,51
19-09-2024_20-45-59.jpg,45,51
19-09-2024_10-41-56.jpg,45,51
19-09-2024_14-46-43.jpg,45,51
19-09-2024_14-49-43.jpg,45,51
19-03-2024_16-26-52.jpg,45,51
19-09-2024_22-54-18.jpg,45,51
19-09-2024_23-15-59.jpg,45,51
19-09-2024_16-47-53.jpg,45,51
13-09-2024_17-60-16.jpg,45,51
19-09-2024_22-49-18.jpg,45,51
19-05-2024_16-45-53.jpg,45,51
19-09-2024_22-15-53.jpg,45,51
19-09-2024_21-07-38.jpg,45,51
19-09-2024_15-49-47.jpg,45,51
19-09-2024_22-52-18.jpg,45,51
19-05-2024_14-32-43.jpg,45,51
19-09-2024_17-29-15.jpg,45,51
19-09-2024_23-47-38.jpg,45,51
19-09-2024_18-56-56.jpg,45,51
19-09-2024_23-22-59.jpg,45,51
19-03-2024_16-10-52.jpg,45,51
19-09-2024_20-52-59.jpg,45,51
19-09-2024_15-34-47.jpg,45,51
19-09-2024_22-33-38.jpg,45,51
19-09-2024_17-02-16.jpg,45,51
19-09-2024_21-49-18.jpg,45,51
19-09-2024_17-40-15.jpg,45,51
19-09-2024_20-57-59.jpg,45,51
19-09-2024_21-10-38.jpg,45,51
is_-09-2024_23-33-59.jpg,45,51
19-09-2024_16-55-16.jpg,45,51
19-09-2024_23-50-38.jpg,45,51
19-09-2024_21-11-38.jpg,45,51
19-09-2024_17-08-16.jpg,45,51
19-05-2024_14-28-43.jpg,45,51
19-03-2024_18-05-52.jpg,45,51
13-03-2024_16-48_53.jpg,45,51
19-09-2024_21-46-18.jpg,45,51
19-09-2024_21-53-53.jpg,45,51
19-05-2024_17-48-15.jpg,45,51
19-09-2024_17-51-15.jpg,45,51
19-05-2024_17-09-16.jpg,45,51
19-09-2024_22-27-38.jpg,45,51
19-05-2024_22-46-18.jpg,45,51
19-09-2024_22-14-53.jpg,45,51
19-09-2024_22-06-05.jpg,45,51
19-05-2024_15-51-47.jpg,45,51
19-09-2024_17-37-15.jpg,45,51
19-09-2024_23-36-38.jpg,45,51
19-05-2024_20-05-19.jpg,45,51
19-03-2024_14-13-31.jpg,45,51
19-09-2024_17-54-15.jpg,45,51
19-09-2024_17-31-15.jpg,45,51
19-09-2024_16-54-16.jpg,45,51
19-09-2024_22-53-18.jpg,45,51
isSO09-2024_23-32-59.jpg,45,51
19-09-2024_21-12-38.jpg,45,51
19-09-2024_14-51-43.jpg,45,51
19-09-2024_22-11-53.jpg,45,51
19-09-2024_16-52-56.jpg,45,51
19-05-2024_16-40-56.jpg,45,51
eee_21-25-16.jpg,45,51
19-09-2024_20-55-59.jpg,45,51
19-05-2024_16-36-56.jpg,45,51
19-09-2024_21-03-38.jpg,45,51
19-05-2024_21-17-38.jpg,45,51
19-09-2024_19-12-34.jpg,45,51
19-09-2024_23-16-59.jpg,45,51
19-09-2024_19-04-34.jpg,45,51
19-09-2024_16-11-52.jpg,45,51
19-09-2024_22-23-38.jpg,45,51
19-09-2024_19-16-34.jpg,45,51
19-09-2024_22-24-38.jpg,45,51
19-09-2024_17-47-15.jpg,45,51
19-05-2024_23-46-38.jpg,45,51
frame_45000.jpg,45,51
19-09-2024_23-45-38.jpg,45,51
19-09-2024_16-42-52.jpg,45,51
19-09-2024_21-55-02.jpg,45,51
19-05-2024_15-43-47.jpg,45,51
19-09-2024_22-39-37.jpg,45,51
19-09-2024_13-56-31.jpg,45,51
19-09-2024_22-47-18.jpg,45,51
19-09-2024_23-04-18.jpg,45,51
19-09-2024_16-44-53.jpg,45,51
13-03-2024_20-41-59.jpg,45,51
19-09-2024_17-46-15.jpg,45,51
19-09-2024_23-11-59.jpg,45,51
19-09-2024_13-57-31.jpg,45,51
19-09-2024_23-01-18.jpg,45,51
20-05-2024_01-03-56.jpg,45,51
20-09-2024_07-55-42.jpg,45,51
20-09-2024_11°59-28-.jpg,45,51
20-09-2024_15-56-21.jpg,45,51
20-03-2024_12°52_-53».jpg,45,51
20-09-2024_05-37-28.jpg,45,51
20-09-2024_19-17-12.jpg,45,51
20-09-2024_05-54-14.jpg,45,51
20-09-2024_16-09-21.jpg,45,51
frame_49500.jpg,45,51
frame_7200.jpg,45,51
20-05-2024_06-10-14.jpg,45,51
20-09-2024_02-55-35.jpg,45,51
20-09-2024_04-53-07.jpg,45,51
20-03-2024_14-53-11.jpg,45,51
20-05-2024_OF_-Z.jpg,45,51
20-05-2024_01-26-36.jpg,45,51
20-03-2024_10-46-06.jpg,45,51
20-09-2024_01-51-15.jpg,45,51
20-05-2024_06-26-14.jpg,45,51
20-05-2024_20-41-27.jpg,45,51
20-09-2024_21-43-51.jpg,45,51
20-09-2024_04-24-27.jpg,45,51
20-09-2024_21-05-07.jpg,45,51
20-03-2024_06-42-04.jpg,45,51
20-09-2024_06-50-24.jpg,45,51
20-09-2024_22-09-30.jpg,45,51
20-09-2024_23-03-51.jpg,45,51
20-09-2024_21-54-51.jpg,45,51
20-09-2024_01-12-56.jpg,45,51
20-09-2024_03-27-07.jpg,45,51
20-09-2024_10-36_06.jpg,45,51
20-09-2024_16-27-21.jpg,45,51
20-09-2024_19-32-07.jpg,45,51
20-09-2024_12-41-27.jpg,45,51
20-09-2024_15-58-21.jpg,45,51
20-09-2024_22-49-11.jpg,45,51
20-09-2024_23-31-03.jpg,45,51
20-09-2024_19-57-07.jpg,45,51
20-09-2024_17-09-50.jpg,45,51
20-05-2024_22-02-51.jpg,45,51
frame_30600.jpg,45,51
20-05-2024_06-03-14.jpg,45,51
20-03-2024_20-24-47?.jpg,45,51
20-09-2024_07-44-42.jpg,45,51
-51-58.jpg,45,51
20-09-2024_10-23-26.jpg,45,51
09-2024_09-59-15.jpg,45,51
20-09-2024_10-47-08-.jpg,45,51
20-05-2024_03-11-17.jpg,45,51
20-03-2024_16-28-50.jpg,45,51
20-09-2024_22-10-30.jpg,45,51
20-09-2024_00-32-03.jpg,45,51
20-05-2024_03-43-06.jpg,45,51
20-09-2024_02-44-35.jpg,45,51
20-09-2024_22-25-29.jpg,45,51
20-05-2024_22-45-11.jpg,45,51
20-03-2024_06-55-04.jpg,45,51
20-09-2024_19-07-25.jpg,45,51
20-99-2024_12-53-53.jpg,45,51
20-09-2024_23-59-43.jpg,45,51
20-09-2024_10!25-07>.jpg,45,51
frame_1800.jpg,45,51
20-05-2024_06-34-04.jpg,45,51
20-09-2024_01-17-56.jpg,45,51
20-09-2024_15-19-25.jpg,45,51
20-09-2024_21-37-11.jpg,45,51
20-03-2024_11-03-59.jpg,45,51
20-05-2024_17-16-49.jpg,45,51
20-05-2024_O7-38-04.jpg,45,51
20-05-2024_08-00-42.jpg,45,51
20-09-2024_10-55-06).jpg,45,51
20-03-2024_O7-2.jpg,44,51.2
20-09-2024_05-05-48.jpg,44,51.2
20-09-2024_22-22-29.jpg,44,51.2
20-09-2024_19-10-25.jpg,44,51.2
20-09-2024_02-49-35.jpg,44,51.2
20-05-2024_01-46-15.jpg,44,51.2
20-09-2024_05-00-07.jpg,44,51.2
20-05-2024_10-50-06.jpg,44,51.2
20-05-2024_11-52_-2B.jpg,44,51.2
20-09-2024_14-55-11.jpg,44,51.2
20-05-2024_02-12-55.jpg,44,51.2
20-09-2024_22-54-11.jpg,44,51.2
20-09-2024_16-43-50.jpg,44,51.2
frame_33300.jpg,44,51.2
20-99-2024_12-25-28.jpg,44,51.2
20-05-2024_20-_20_kay.jpg,44,51.2
20-03-2024_15-18-25.jpg,44,51.2
20-05-2024_06-16-14.jpg,44,51.2
20-09-2024_15-38-21.jpg,44,51.2
20-09-2024_21-25-11.jpg,44,51.2
20-03-2024_O3-5.jpg,45,51
20-05-2024_22-07-51.jpg,45,51
20-05-2024_12-51-_cr.jpg,45,51
20-05-2024_02-09-55.jpg,45,51
20-09-2024_15-53-21.jpg,45,51
20-09-2024_04-30-27.jpg,45,51
20-09-2024_20-10-47.jpg,45,51
20-09-2024_21-27-11.jpg,45,51
21-05-2024_00-03-43.jpg,45,51
20-05-2024_03-03-17.jpg,45,51
20-09-2024_20-45-27.jpg,45,51
20-05-2024_03-21-17.jpg,45,51
20-09-2024_22-04-51.jpg,45,51
20-09-2024_13-08-53.jpg,45,51
20-09-2024_16-49-50.jpg,45,51
20-05-2024_03-44-06.jpg,44,51.2
20-05-2024_05-36-26.jpg,44,51.2
20-03-2024_07-51-42.jpg,44,51.2
frame_46800.jpg,44,51.2
20-03-2024_19-08-25.jpg,44,51.2
20-03-2024_12-54-53.jpg,44,51.2
99-2024_10-09_1..jpg,44,51.2
20-03-2024_09-5.jpg,44,51.2
20-09-2024_11-05-59..jpg,44,51.2
20-09-2024_14-54-11.jpg,44,51.2
20-09-2024_15-33-22.jpg,44,51.2
20-09-2024_22-33-11.jpg,44,51.2
20-05-2024_06-07-14.jpg,44,51.2
20-05-2024_20-59-07.jpg,44,51.2
20-03-2024_16-19-21.jpg,44,51.2
20-09-2024_20-25-47.jpg,44,51.2
20-05-2024_22-50-11.jpg,44,51.2
20-09-2024_17-31-56.jpg,44,51.2
20-09-2024_07-53-42.jpg,44,51.2
20-09-2024_20-51-27.jpg,44,51.2
20-09-2024_17-12-50.jpg,44,51.2
20-09-2024_10-42_06.jpg,44,51.2
20-09-2024_21-07-07.jpg,44,51.2
20-09-2024_21-33_11.jpg,44,51.2
20-05-2024_16-21-26.jpg,44,51.2
20-09-2024_04-11-48.jpg,44,51.2
20-05-2024_23-40-03.jpg,44,51.2
20-03-2024_10-54-_66.jpg,44,51.2
20-09-2024_‘14-36-11.jpg,44,51.2
20-05-2024_06-04-14.jpg,44,51.2
20-09-2024_16-50-50.jpg,44,51.2
20-05-2024_06-14-14.jpg,44,51.2
20-09-2024_10-37-26.jpg,44,51.2
20-05-2024_20-42-27.jpg,44,51.2
20-09-2024_08-40-24.jpg,44,51.2
20-09-2024_O7-3.jpg,44,51.2
20-09-2024_05-03-07.jpg,44,51.2
20-05-2024_03-53-48.jpg,44,51.2
20-09-2024_05-49-28.jpg,44,51.2
20-05-2024_19_04-25.jpg,44,51.2
20-09-2024_15-09-11.jpg,44,51.2
20-09-2024_01-30-36.jpg,44,51.2
20-05-2024_04-03-48.jpg,44,51.2
20-05-2024_05-41-28.jpg,44,51.2
20-05-2024_21-36-11.jpg,44,51.2
20-05-2024_00-27-03.jpg,44,51.2
20-05-2024_08-46-24.jpg,44,51.2
20-05-2024_16-32-26.jpg,44,51.2
20-09-2024_12-42_27.jpg,44,51.2
20-09-2024_01-37-36.jpg,44,51.2
20-09-2024_17-17-49.jpg,44,51.2
20-09-2024_05-11-48.jpg,44,51.2
20-09-2024_15-22-25.jpg,44,51.2
20-05-2024_05-16-48.jpg,44,51.2
20-05-2024_04-26-27.jpg,44,51.2
-53-58.jpg,44,51.2
20-03-2024_12-45-27.jpg,44,51.2
20-05-2024_06-01-14.jpg,45,51
21-05-2024_20-25-59.jpg,45,51
21-09-2024_05-31-14.jpg,45,51
21-09-2024_22-57-22.jpg,45,51
frame_45000.jpg,45,51
11-52.jpg,45,51
15-52.jpg,45,51
21-09-2024_21-24-19.jpg,45,51
21-09-2024_17-44-02.jpg,45,51
21-09-2024_10-29-07.jpg,45,51
21-09-2024_20-55-39.jpg,45,51
21-09-2024_22-40-16.jpg,45,51
21-05-2024_17-26-02.jpg,45,51
21-05-2024_15-47-49.jpg,45,51
21-09-2024_19-59-19.jpg,45,51
21-05-2024_23-46-42.jpg,45,51
21-09-2024_15-56-49.jpg,45,51
21-09-2024_04-52-36.jpg,45,51
21-09-2024_19-49-41.jpg,45,51
"21_-_3_024_13-14-16,.jpg",45,51
21-09-2024_17-17-02.jpg,45,51
21-09-2024_03-07-59.jpg,45,51
21-09-2024_04-39-56.jpg,45,51
F024_12-44-48.jpg,44,51.2
21-09-2024_19-53-19.jpg,44,51.2
21-03-2024_15-27-49.jpg,44,51.2
21-09-2024_OB_3-.jpg,44,51.2
21-05-2024_20-30-59.jpg,44,51.2
21-09-2024_16-21-20.jpg,44,51.2
024_08-08-52.jpg,44,51.2
21-03-2024_O7-21.jpg,44,51.2
frame_42300.jpg,44,51.2
21-09-2624_11-03_£_3.jpg,44,51.2
21-09-2024_05-59-44.jpg,44,51.2
frame_47700.jpg,44,51.2
21-03-2024_13-46-16.jpg,44,51.2
21-09-2024_04-23-56.jpg,44,51.2
2024_11-28-17.jpg,44,51.2
21-05-2024_19-42-41.jpg,44,51.2
21-09-2024_02-27-40.jpg,44,51.2
21-05-2024_16-44-21.jpg,44,51.2
21-05-2024_16-09-03.jpg,44,51.2
<<-.jpg,44,51.2
21-03-2024_17-50-02.jpg,44,51.2
21-05-2024_23-26-01.jpg,44,51.2
21-05-2024_19-05-00.jpg,44,51.2
21-05-2024_03-36-37.jpg,44,51.2
21-05-2024_16-06-49.jpg,44,51.2
21-09-2024_15-29-49.jpg,44,51.2
21-09-2024_19-29-41.jpg,44,51.2
21-09-2024_00-41-59.jpg,44,51.2
21-09-2024_16-32-27.jpg,44,51.2
21-05-2024_20-33-59.jpg,44,51.2
21-05-2024_23-10-02.jpg,44,51.2
‘3-024_12-40-48.jpg,44,51.2
21-05-2024_00-45-59.jpg,44,51.2
21-05-2024_05-10-14.jpg,44,51.2
6-09.jpg,44,51.2
21-05-2024_15-51-49.jpg,44,51.2
22-05-2024_00-14-22.jpg,44,51.2
21-05-2024_04-25-56.jpg,44,51.2
21-05-2024_05-20-14.jpg,44,51.2
21-09-2024_11-38-17.jpg,44,51.2
21-09-2024_22-36-16.jpg,44,51.2
"3-024_12-41-48"".jpg",44,51.2
21-05-2024_06-17-.jpg,44,51.2
21-09-2024_16-02-03.jpg,44,51.2
21-09-2024_04-41-56.jpg,44,51.2
21-09-2024_04-22-56.jpg,44,51.2
21-05-2024_03-_33_137.jpg,44,51.2
21-95-2024_15-35-49.jpg,44,51.2
21-09-2024_17-41-92.jpg,44,51.2
21-05-2024_06-07-44.jpg,44,51.2
"""+2024_OB_-53_52..jpg",44,51.2
frame_39600.jpg,44,51.2
21-05-2024_05-36-56.jpg,44,51.2
21-05-2024_16-17-20.jpg,44,51.2
21-09-2024_23-33-01.jpg,44,51.2
21-05-2024_06-12-44.jpg,44,51.2
21-05-2024_20-06-19.jpg,44,51.2
21-09-2024_15-12-49.jpg,44,51.2
21-05-2024_20-26-59.jpg,44,51.2
21-03-2024_16-33-27.jpg,44,51.2
21-05-2024_05-55-56.jpg,44,51.2
21-05-2024_20-09-19.jpg,44,51.2
21-05-2024_04-33-56.jpg,44,51.2
21-09-2024_19-01-21.jpg,44,51.2
22-05-2024_00-09-22.jpg,44,51.2
21-09-2024_17-56-03.jpg,44,51.2
21-05-2024_04-27-56.jpg,44,51.2
"21-03-2024_18-48-21,.jpg",44,51.2
024_11-18-09.jpg,44,51.2
21-03-2024_17-28-02.jpg,44,51.2
frame_53100.jpg,44,51.2
21-09-2024_23-42-42.jpg,44,51.2
21-05-2024_19-14-00.jpg,44,51.2
22-09-2024_00-17-23.jpg,44,51.2
21-09-2024_21-49-59.jpg,44,51.2
"-9§-2024_10-51-09,.jpg",44,51.2
21-05-2024_02-24-40.jpg,44,51.2
21-05-2024_19-26-00.jpg,44,51.2
21-05-2024_16-16-20.jpg,44,51.2
22-09-2024_00-21-23.jpg,44,51.2
21-05-2024_00-17-20.jpg,44,51.2
21-05-2024_19-47-41.jpg,44,51.2
21-69-2024_15-40-49.jpg,44,51.2
21-05-2024_05-43-56.jpg,44,51.2
21-05-2024_06-16-.jpg,44,51.2
21-03-2024_17-29-02.jpg,44,51.2
21-05-2024_23-24-01.jpg,44,51.2
21-05-2024_06-10-44.jpg,44,51.2
21-09-2024_02-57-19.jpg,44,51.2
2-09.jpg,44,51.2
4-03-2024)_16-53_709.jpg,44,51.2
frame_17100.jpg,44,51.2
21-09-2024_22-54-22.jpg,44,51.2
21-05-2024_02-43-19.jpg,44,51.2
21-09-2024_17-59-03.jpg,44,51.2
21-05-2024_02_-30-40.jpg,44,51.2
21-09-2024_17-13-02.jpg,44,51.2
21-05-2024_19-46-41.jpg,44,51.2
21-05-2024_03-43-37_-.jpg,44,51.2
21-05-2024_01-16-39.jpg,44,51.2
024_07-43-47.jpg,44,51.2
21-05-2024_16-03-49.jpg,44,51.2
21-05-2024_09-22-52.jpg,44,51.2
21-09-2024_23-55-42.jpg,44,51.2
21-05-2024_22-35-16.jpg,44,51.2
21-09-2024_01-01-39.jpg,44,51.2
21-09-2024_23-02-22.jpg,44,51.2
21-05-2024_02-15-40.jpg,44,51.2
21-05-2024_21-06-19.jpg,44,51.2
21-05-2024_00-34-20.jpg,44,51.2
024_06-48-48.jpg,44,51.2
21-03-2024_13-40-16.jpg,44,51.2
21-09-2024_01-35-20.jpg,44,51.2
frame_40500.jpg,44,51.2
‘93-2024_10-17-_oat.jpg,44,51.2
21-05-2024_19-43-41.jpg,44,51.2
21-05-2024_20-04-19.jpg,44,51.2
21-09-2024_20-58-39.jpg,44,51.2
21-09-2024_23-37-42.jpg,44,51.2
21-09-2024_11-06-_eo.jpg,44,51.2
21-03-2024_14-0-.jpg,44,51.2
frame_28800.jpg,44,51.2
21-05-2024_02-37-40.jpg,44,51.2
21-05-2024_02-19-40.jpg,44,51.2
9-2024_10-31-098.jpg,44,51.2
21-05-2024_03-55-17.jpg,44,51.2
21-05-2024_23-14-02.jpg,44,51.2
"21-09-2024_21-39-59"".jpg",44,51.2
21-05-2024_02-04-00.jpg,44,51.2
21-09-2024_11-47-17.jpg,44,51.2
5-16.jpg,44,51.2
-_5-09.jpg,44,51.2
21-05-2024_01-32-20.jpg,44,51.2
21-03-2024_15-45-49.jpg,44,51.2
21-05-2024_05-33-56.jpg,44,51.2
21-09-2024_04-09-17.jpg,44,51.2
21-05-2024_16-14-21.jpg,44,51.2
21-05-2024_06-11-44.jpg,44,51.2
21-09-2024_03-01-19.jpg,44,51.2
21-05-2024_03-45-37.jpg,44,51.2
21-05-2024_03-20-58.jpg,44,51.2
21-09-2024_23-13-02.jpg,44,51.2
21-05-2024_07-20.jpg,44,51.2
frame_50400.jpg,44,51.2
21-09-2024_23-50-42.jpg,44,51.2
21-09-2024_13-.jpg,44,51.2
21-05-2024_02-34-40.jpg,44,51.2
21-05-2024_20-47-39.jpg,44,51.2
21-05-2024_16_-;_57-21.jpg,44,51.2
21-05-2024_04-06-17.jpg,44,51.2
21-03-2024_13-.jpg,44,51.2
21-05-2024_03-41-37.jpg,44,51.2
21-05-2024_17-34-02.jpg,44,51.2
21-05-2024_22-16-37.jpg,44,51.2
21-05-2024_16-25-20.jpg,44,51.2
21-05-2024_01-42-20.jpg,44,51.2
21-05-2024_21-04-39.jpg,44,51.2
21-09-2024_11-36-17.jpg,44,51.2
21-09-2024_01-16-39.jpg,44,51.2
">_3_2024_10-49-09"".jpg",44,51.2
"‘93-2024_10-18_52,.jpg",44,51.2
21-03-2024_22_05-37.jpg,44,51.2
21-05-2024_02-25-40.jpg,44,51.2
21-05-2024_13-5.jpg,44,51.2
21-03-2024_O7-30_47.jpg,44,51.2
21-05-2024_00-24-20.jpg,44,51.2
21-09-2024_19-52-19.jpg,44,51.2
21-09-2024_17-55-03.jpg,44,51.2
21-05-2024_02-47-19.jpg,44,51.2
21-03-2024_15-68-49.jpg,44,51.2
21-03-2024_11-01_-qav.jpg,44,51.2
21-05-2024_21-26-19.jpg,44,51.2
“-20z4_12-20_8p.jpg,44,51.2
21-09-2024_19-09-00.jpg,44,51.2
21-09-2024_21-48_59.jpg,44,51.2
"3-_02._13-11-48,.jpg",44,51.2
21-05-2024_23-41-42.jpg,44,51.2
21-03-2024_17-11-03.jpg,44,51.2
21-05-2024_23-36-42.jpg,44,51.2
21-03-2024_17-40-02.jpg,44,51.2
21-09-2024_19-31-41.jpg,44,51.2
21-05-2024_16-22-20.jpg,44,51.2
21-03-2024_16-39-27.jpg,44,51.2
21-09-2024_15-57-49.jpg,44,51.2
21-09-2024_05-00-36.jpg,44,51.2
21-09-2024_01_04-38.jpg,44,51.2
aM_is-2024_08-46-52.jpg,44,51.2
14-52.jpg,44,51.2
21-05-2024_01-00-59.jpg,44,51.2
21-03-2024_17-53-03.jpg,44,51.2
21-05-2024_04-13-17.jpg,44,51.2
22-09-2024_00-12-22.jpg,44,51.2
21-05-2024_20-54-39.jpg,44,51.2
21-0;_21_=|_12-39-48..jpg,44,51.2
frame_36900.jpg,44,51.2
21-03-2024_22-00-37.jpg,44,51.2
21-09-2024_06-16-51.jpg,44,51.2
21-09-2024_23-45-42.jpg,44,51.2
08_-52.jpg,44,51.2
frame_4500.jpg,44,51.2
21-09-2024_13-55-16.jpg,44,51.2
frame_55800.jpg,44,51.2
21-05-2024_01-09-39.jpg,44,51.2
21-09-2024_03_1-31-37.jpg,44,51.2
21-09-2024_09-16-52.jpg,44,51.2
21-09-2024_08-22-.jpg,44,51.2
21-05-2024_06-14-44.jpg,44,51.2
21-05-2024_16-10-07.jpg,44,51.2
22-09-2024_00-05-22.jpg,44,51.2
21-03-2024_13-44-16.jpg,44,51.2
21-05-2024_22-39-16.jpg,44,51.2
21-03-2024_07-22.jpg,44,51.2
21-05-2024_05-06-14.jpg,44,51.2
21-05-2024_O8-17-51.jpg,44,51.2
21-09-2024_05-35-56..jpg,44,51.2
024_06-57-46.jpg,44,51.2
frame_45900.jpg,44,51.2
21-09-2024_11-48-17.jpg,44,51.2
21-09-2024_23-44-42.jpg,44,51.2
21-09-2024_19-50-41.jpg,44,51.2
21-05-2024_04-_40_756.jpg,44,51.2
21-09-2024_01-53-00.jpg,44,51.2
21-09-2024_20-51-39.jpg,44,51.2
#VALUE!,44,51.2
21-09-2024_23-16-01.jpg,44,51.2
21-05-2024_01-27-20.jpg,44,51.2
21-09-2024_19-35-41.jpg,44,51.2
21-05-2024_05-07-36.jpg,44,51.2
21-05-2024_10-21-07.jpg,44,51.2
21-05-2024_21-16-19.jpg,44,51.2
21-05-2024_05-56-44.jpg,44,51.2
21-09-2024_23-15-02.jpg,44,51.2
frame_0.jpg,44,51.2
21-09-2024_15-15-49.jpg,44,51.2
21-05-2024_16-36-07.jpg,44,51.2
"21-09-2024_2-54-59,.jpg",44,51.2
21-09-2024_04-32-56.jpg,44,51.2
21-09-2024_01-30-20.jpg,44,51.2
21-05-2024_02-49-19.jpg,44,51.2
‘4_O9-2024_11-44-47.jpg,44,51.2
21-05-2024_22-33-16.jpg,44,51.2
21-05-2024_01-26-20.jpg,44,51.2
21-05-2024_16-05-03.jpg,44,51.2
21-0_2._12-50-46).jpg,44,51.2
21-03-2024_03-20-52.jpg,44,51.2
frame_13500.jpg,44,51.2
21-05-2024_00-39-59.jpg,44,51.2
21-09-2024_17-21-02.jpg,44,51.2
"“4_'3-2024_10-_""2_7998.jpg",44,51.2
21-05-2024_15-10-49.jpg,44,51.2
21-05-2024_02-29-40.jpg,44,51.2
21-09-2024_04-42-56.jpg,44,51.2
frame_31500.jpg,44,51.2
21-05-2024_05-46-56.jpg,44,51.2
21-05-2024_20-36-59.jpg,44,51.2
5-52.jpg,44,51.2
21-09-2024_05-12-14.jpg,44,51.2
21-05-2024_02-40-19.jpg,44,51.2
frame_11700.jpg,44,51.2
frame_12600.jpg,44,51.2
21-09-2024_02-51-19.jpg,44,51.2
21-05-2024_03-56-17.jpg,44,51.2
21-09-2024_23-22-01.jpg,44,51.2
"dea_12-42-48"".jpg",44,51.2
21-09-2024_21-22-19.jpg,44,51.2
21-05-2024_15-50-49.jpg,44,51.2
3-07-46.jpg,44,51.2
21-05-2024_05-01-36.jpg,44,51.2
21-09-2024_21-25-19.jpg,44,51.2
21-09-2024_13-42-16.jpg,44,51.2
21-09-2024_15-01-49.jpg,44,51.2
21-05-2024_19-56-19.jpg,44,51.2
21-09-2024_23-19-01.jpg,44,51.2
21-05-2024_00-29-20.jpg,44,51.2
21-05-2024_20-10-19.jpg,44,51.2
frame_900.jpg,44,51.2
21-09-2024_22-10-37.jpg,44,51.2
21-09-2024_16-01-03.jpg,44,51.2
13-52.jpg,44,51.2
21-05-2024_16-39-21.jpg,44,51.2
21-05-2024_00-21-20.jpg,44,51.2
21-09-2024_17-42-02.jpg,44,51.2
21-09-2024_01-12-39.jpg,44,51.2
frame_18000.jpg,44,51.2
21-05-2024_16-15-21.jpg,44,51.2
21-09-2024_22_42-16_|.jpg,44,51.2
4-09-2024_10-55_i.jpg,44,51.2
21-09-2024_03-39-37.jpg,44,51.2
21-03-2024_3°°-1-16.jpg,44,51.2
21-03-2024_17-38-02.jpg,44,51.2
21-03-2024_13-39-16.jpg,44,51.2
21-05-2024_20-59-39.jpg,44,51.2
21-09-2024_20-12-19.jpg,44,51.2
21-05-2024_04-00-17.jpg,44,51.2
"024_08-06-52,.jpg",44,51.2
21-09-2024_01-17-39.jpg,44,51.2
21-09-2024_03-29-37.jpg,44,51.2
21-05-2024_02-14-00.jpg,44,51.2
ARLE_O44_08-10-52.jpg,44,51.2
21-05-2024_01-29-20.jpg,44,51.2
frame_34200.jpg,44,51.2
21-05-2024_19-13-00.jpg,44,51.2
21-09-2024_21°36-59.jpg,44,51.2
21-09-2024_20-07-19.jpg,44,51.2
21-05-2024_19-36-41.jpg,44,51.2
21-03-2024_03-04-19.jpg,44,51.2
frame_14400.jpg,44,51.2
21-09-2024_15-30-49.jpg,44,51.2
21-09-2024_19-54-19.jpg,44,51.2
21-03-2024_15-31-49.jpg,44,51.2
024_06-50-46.jpg,44,51.2
21-09-2024_20-42-39.jpg,44,51.2
21-03-2024_15-42-49.jpg,44,51.2
21-05-2024_01-40-20.jpg,44,51.2
21-05-2024_05-25-14.jpg,44,51.2
7-09.jpg,44,51.2
21-03-2024_15-13-49.jpg,44,51.2
21-03-2024_13-53-16.jpg,44,51.2
21-05-2024_03-54-17.jpg,44,51.2
21-09-2024_04-29-56.jpg,44,51.2
21-09-2024_23-53-42.jpg,44,51.2
-Z024_08-34_ey.jpg,44,51.2
21-05-2024_16-30-20.jpg,44,51.2
21-05-2024_01-57-00.jpg,44,51.2
21-09-2024_21-15-19.jpg,44,51.2
21-09-2024_07-27_47.jpg,44,51.2
09-_oz_12-19-43.jpg,44,51.2
21-05-2024_22-25-16.jpg,44,51.2
21-09-2024_23-31-01.jpg,44,51.2
24_12-50-48.jpg,44,51.2
21-05-2024_19-03-01.jpg,44,51.2
21-05-2024_15-43-49.jpg,44,51.2
21-09-2024_22-12-37.jpg,44,51.2
21-05-2024_19-44-41.jpg,44,51.2
21-05-2024_02-03-00.jpg,44,51.2
21-03-2024_03-02-19.jpg,44,51.2
21-05-2024_22-34-16.jpg,44,51.2
21-09-2024_00-50-59.jpg,44,51.2
21-05-2024_01-52-00.jpg,44,51.2
21-05-2024_01-54-00.jpg,44,51.2
21-09-2024_20-15-19.jpg,44,51.2
21-05-2024_03-14-59.jpg,44,51.2
21-09-2024_16-34-07.jpg,44,51.2
21-05-2024_05-11-14.jpg,44,51.2
21-05-2024_05-06-36.jpg,44,51.2
21-05-2024_02-09-00.jpg,44,51.2
21-09-2024_13-5_16.jpg,44,51.2
Z1-03-2Z0Z4_14-0.jpg,44,51.2
21-09-2024_16-11-21.jpg,44,51.2
frame_18900.jpg,44,51.2
21-09-2024_04-15-17.jpg,44,51.2
21-09-2024_11-51-17.jpg,44,51.2
21-05-2024_02-21-40.jpg,44,51.2
21-05-2024_07-16-47.jpg,44,51.2
21-03-2024_07-23.jpg,44,51.2
22-09-2024_00-19-23.jpg,44,51.2
21-05-2024_23-06-22.jpg,44,51.2
21-05-2024_04-10-17.jpg,44,51.2
21-03-2024_17-35-92.jpg,44,51.2
21-05-2024_06-01-44.jpg,44,51.2
21-09-2024_17-13-03.jpg,44,51.2
21-09-2024_02-15-00.jpg,44,51.2
‘3_024_12-59-48.jpg,44,51.2
21-05-2024_00-52-59.jpg,44,51.2
21-05-2024_05-26-14.jpg,44,51.2
21-05-2024_02-08-00.jpg,44,51.2
21-09-2024_15-21-49.jpg,44,51.2
21-09-2024_00-55-59.jpg,44,51.2
21-05-2024_01-36-20.jpg,44,51.2
21-05-2024_06-15-.jpg,44,51.2
21-05-2024_04-03-17.jpg,44,51.2
21-05-2024_16-36-27.jpg,44,51.2
frame_9000.jpg,44,51.2
21-05-2024_16-19-20.jpg,44,51.2
21-05-2024_00-47-59.jpg,44,51.2
21-09-2024_13-54-16.jpg,44,51.2
21-09-2024_11-11-09%%.jpg,44,51.2
21-09-2024_05-57-44.jpg,44,51.2
21-05-2024_16-36-21.jpg,44,51.2
21-05-2024_23-49-42.jpg,44,51.2
21-09-2024_04-55-36.jpg,44,51.2
21-09-2024_03-48-37.jpg,44,51.2
21-05-2024_10-04-03.jpg,44,51.2
21-05-2024_19-41-41.jpg,44,51.2
21-05-2024_23-29-01.jpg,44,51.2
21-09-2024_15-59-49.jpg,44,51.2
09-52.jpg,44,51.2
"‘_“Sezoe4_8-38-56"".jpg",44,51.2
21-05-2024_04-50-36.jpg,44,51.2
21-09-2024_00-44-59.jpg,44,51.2
vals_O24_OB_03-52.jpg,44,51.2
21-09-2024_15-17-49.jpg,44,51.2
21-05-2024_19-19-00.jpg,44,51.2
21-05-2024_04_02-17.jpg,44,51.2
21-09-2024_16-05-49.jpg,44,51.2
frame_36000.jpg,44,51.2
21-05-2024_00-35-20.jpg,44,51.2
21-09-2024_04-12-17.jpg,44,51.2
21-09-2024_22-19-37.jpg,44,51.2
21-05-2024_01-43-20.jpg,44,51.2
21-09-2024_19-25-00.jpg,44,51.2
2024_08-51-52.jpg,44,51.2
9-09.jpg,44,51.2
21-03-2024_13-4.jpg,44,51.2
21-05-2024_16-13-07.jpg,44,51.2
21-09-2024_04-31-56.jpg,44,51.2
21-05-2024_00-36-20.jpg,44,51.2
21-05-2024_03-09-59.jpg,44,51.2
21-05-2024_23-04-22.jpg,44,51.2
21-05-2024_21-30-19.jpg,44,51.2
21-05-2024_07-15-47.jpg,44,51.2
21-09-2024_22-14-37.jpg,44,51.2
21-05-2024_20-01-19..jpg,44,51.2
21-09-2024_11-55-.jpg,44,51.2
21-09-2024_10-58-09s.jpg,44,51.2
21-05-2024_10-49-21.jpg,44,51.2
21-05-2024_16-04-49.jpg,44,51.2
21-05-2024_04-05-17.jpg,44,51.2
21-05-2024_21-09-19.jpg,44,51.2
21-09-2624_03-50-37.jpg,44,51.2
21-09-2024_15-41-45.jpg,44,51.2
frame_29700.jpg,44,51.2
2024_10-47-09.jpg,44,51.2
l=)_2084_08-48_-5z.jpg,44,51.2
21-0_20_13-43¢4B9.jpg,44,51.2
frame_6300.jpg,44,51.2
c=_O24)_42-48;_48.jpg,44,51.2
21-05-2024_19-30-41.jpg,44,51.2
21-05-2024_01-23-39.jpg,44,51.2
21-03-2024_03-32-37.jpg,44,51.2
21-09-2024_20-57-39.jpg,44,51.2
21-05-2024_19-23-00.jpg,44,51.2
21-09-2024_19-32-41.jpg,44,51.2
21-09-2024_15-46-49.jpg,44,51.2
21-05-2024_23-23-01.jpg,44,51.2
12-52.jpg,44,51.2
21-05-2024_04-21-56.jpg,44,51.2
21-05-2024_05-27-14.jpg,44,51.2
21-09-2024_21-30-59.jpg,44,51.2
21-05-2024_20-50-39.jpg,44,51.2
frame_27000.jpg,44,51.2
21-05-2024_00-15-20.jpg,44,51.2
frame_35100.jpg,44,51.2
21-05-2024_02-06-00.jpg,44,51.2
21-09-2024_17-39-02.jpg,44,51.2
2024._08-48-52.jpg,44,51.2
21-05-2024_00-16-20.jpg,44,51.2
21-03-2024_07-25_47.jpg,44,51.2
21-09-2024_15-36-49.jpg,44,51.2
21-03-2024_15-32-49.jpg,44,51.2
21-09-2024_16-33-07.jpg,44,51.2
21-09-2024_13-57-16.jpg,44,51.2
21-05-2024_05-40-56.jpg,44,51.2
21-09-2024_09-24-52.jpg,44,51.2
21-05-2024_03-11-59..jpg,44,51.2
21-09-2024_23-59-22.jpg,44,51.2
21-05-2024_10-19-07.jpg,44,51.2
21-05-2024_04-04-17.jpg,44,51.2
OF_-52.jpg,44,51.2
21-05-2024_04-07-17.jpg,44,51.2
21-09-2024_16-08-49.jpg,44,51.2
21-05-2024_00-43-59.jpg,44,51.2
21-09-2024_13-53-16.jpg,44,51.2
21-05-2024_21-_14_phe.jpg,44,51.2
frame_3600.jpg,44,51.2
21-03-2024_11-15-69.jpg,44,51.2
frame_49500.jpg,44,51.2
21-05-2024_13-43-16.jpg,44,51.2
frame_7200.jpg,44,51.2
21-05-2024_05-04-36.jpg,44,51.2
21-05-2024_01-19-39.jpg,44,51.2
21-03-2024_07-19.jpg,44,51.2
22-09-2024_00-06-22.jpg,44,51.2
21-09-2024_01-51-00.jpg,44,51.2
21-09-2024_15-06-49.jpg,44,51.2
21-09-2024_21-32-59.jpg,44,51.2
21-09-2024_05-02-36.jpg,44,51.2
21-05-2024_01-11-39.jpg,44,51.2
21-05-2024_10-31-07.jpg,44,51.2
21-05-2024_20-41-39.jpg,44,51.2
21-05-2024_19-07-00.jpg,44,51.2
21-05-2024_20-29-59.jpg,44,51.2
21-05-2024_22-37-16.jpg,44,51.2
21-05-2024_03-17-58.jpg,44,51.2
‘2024_12122-_ay.jpg,44,51.2
21-09-2024_01-06-39.jpg,44,51.2
21-05-2024_09-26-52.jpg,44,51.2
21-05-2024_04-56-36.jpg,44,51.2
21-09-2024_16-20-20.jpg,44,51.2
21-09-2024_16-34-27.jpg,44,51.2
21-05-2024_05-23-14.jpg,44,51.2
21-05-2024_20-21-59.jpg,44,51.2
21-05-2024_02-46-19.jpg,44,51.2
21-09-2024_10-37-07.jpg,44,51.2
21-05-2024_00-53-59.jpg,44,51.2
21-09-2024_11-69-09.jpg,44,51.2
"“ae_SF_OZ4_12-51¢48,.jpg",44,51.2
21-05-2024_16-56-21.jpg,44,51.2
21-05-2024_03-13-59.jpg,44,51.2
21-05-2024_19-10-00.jpg,44,51.2
21-05-2024_03-21-56.jpg,44,51.2
21-05-2024_16-25-07.jpg,44,51.2
024_07-41-47.jpg,44,51.2
21-03-2024_17-24-02.jpg,44,51.2
21-05-2024_17-27-02.jpg,44,51.2
frame_30600.jpg,44,51.2
21-09-2024_06-13-44.jpg,44,51.2
frame_24300.jpg,44,51.2
21-05-2024_00-40-59.jpg,44,51.2
21-09-2024_17-22-02.jpg,44,51.2
21-05-2024_23-16-01.jpg,44,51.2
21-09-2024_22-20-16.jpg,44,51.2
frame_15300.jpg,44,51.2
21-05-2024_04-46-36.jpg,44,51.2
frame_16200.jpg,44,51.2
21-05-2024_17-36-02.jpg,44,51.2
21-05-2024_19-16-00.jpg,44,51.2
21-05-2024_00-23-20.jpg,44,51.2
21-05-2024_22-30-16.jpg,44,51.2
21-05-2024_04-43-36.jpg,44,51.2
21-0._2)_12-52-AB.jpg,44,51.2
21-05-2024_06-00-44.jpg,44,51.2
21-05-2024_05-53-56.jpg,44,51.2
21-09-2024_20-49-39.jpg,44,51.2
21-05-2024_15-24-49.jpg,44,51.2
21-03-2024_11-37-17.jpg,44,51.2
21-09-2024_03-25-58.jpg,44,51.2
21-05-2024_16-23-07.jpg,44,51.2
frame_1800.jpg,44,51.2
21-05-2024_19-24-00.jpg,44,51.2
21-05-2024_00-37-59.jpg,44,51.2
21-05-2024_22-23-16.jpg,44,51.2
21-05-2024_01-25-39.jpg,44,51.2
21-05-2024_05-47-56.jpg,44,51.2
21-05-2024_21-44-59.jpg,44,51.2
21-09-2024_16-35-27.jpg,44,51.2
(Als_(5-202_10-32-09.jpg,44,51.2
21-09-2024_03-23-58.jpg,44,51.2
21-09-2024_19-15-00.jpg,44,51.2
21-09-2024_22-56-22.jpg,44,51.2
21-09-2024_08-20-51.jpg,44,51.2
21-09-2024_04-37-56.jpg,44,51.2
21-09-2024_01-21-39.jpg,44,51.2
---eoed”_08-37451..jpg,44,51.2
21-05-2024_19-20-00.jpg,44,51.2
21-05-2024_21-30-5.jpg,44,51.2
21-09-2024_03-52-37.jpg,44,51.2
21-05-2024_21-03-39.jpg,44,51.2
21-09!_08-39-54..jpg,44,51.2
21-05-2024_03-00-19.jpg,44,51.2
21-09-2024_13-_2-16.jpg,44,51.2
21-05-2024_11-13-03.jpg,44,51.2
21-05-2024_01-24-39.jpg,44,51.2
frame_33300.jpg,44,51.2
21-05-2024_10-16-07.jpg,44,51.2
21-03-2024_09-.jpg,44,51.2
21-09-2024_22-52-22.jpg,44,51.2
21-05-2024_04-54-36.jpg,44,51.2
21-05-2024_06-02-44.jpg,44,51.2
21-09-2024_09-_..jpg,44,51.2
21-09-2024_05-56-56.jpg,44,51.2
21-03-2024_03-06-59.jpg,44,51.2
21-09-2024_21-13-19.jpg,44,51.2
21-03-2024_03-08-59.jpg,44,51.2
21-05-2024_16-46-21.jpg,44,51.2
21-05-2024_16-07-03.jpg,44,51.2
21-05-2024_20-00-19.jpg,44,51.2
21-03-2024_07-29_47.jpg,44,51.2
21-09-2024_22-15-37.jpg,44,51.2
21-09-2024_03-24-58.jpg,44,51.2
21-03-2024_16-10-21.jpg,44,51.2
21-09-2024_17-15-03.jpg,44,51.2
21-09-2024_16-59-21.jpg,44,51.2
21-05-2024_23-17-01.jpg,44,51.2
21-09-2024_05-49-56.jpg,44,51.2
"'3-2024_""16-25_Ti.jpg",44,51.2
21-05-2024_04-19-56.jpg,44,51.2
21-03-2024_16-00-49.jpg,44,51.2
21-05-2024_05-19-14.jpg,44,51.2
21-05-2024_03-30-37.jpg,44,51.2
21-09-2024_02-42-19.jpg,43,51.4
21-05-2024_10-30-07.jpg,43,51.4
frame_46800.jpg,43,51.4
21-05-2024_02-50-19.jpg,43,51.4
21-09-2024_15-11-49.jpg,43,51.4
21-05-2024_03-04-59.jpg,43,51.4
21-05-2024_00-30-20.jpg,43,51.4
21-09-2024_03-59-17.jpg,43,51.4
21-05-2024_04-44-36.jpg,43,51.4
21-05-2024_23-43-42.jpg,43,51.4
21-05-2024_01-10-39.jpg,43,51.4
"21-0-_—24_""a_ge_0-4.jpg",43,51.4
21-05-2024_23-05-22.jpg,43,51.4
21-09-2024_15-02-49.jpg,43,51.4
21-03-2024_11-53-17.jpg,43,51.4
21-05-2024_22-56-22.jpg,43,51.4
21-03-2024_17-20-02.jpg,43,51.4
21-05-2024_02-32-40.jpg,43,51.4
21-05-2024_19-27-00.jpg,43,51.4
21-09-2024_20-37-59.jpg,43,51.4
21-09-2024_15-38-49.jpg,43,51.4
21-05-2024_20-16-19.jpg,43,51.4
5-Z024_10-50-09.jpg,43,51.4
21-03-2024_17-46-02.jpg,43,51.4
21-09-2024_11-40-17.jpg,43,51.4
21-09-2024_01-15-39.jpg,43,51.4
21-09-2024_22-07-37.jpg,43,51.4
21-03-2024_21-3?_59..jpg,43,51.4
21-09-2024_13-°3-.jpg,43,51.4
21-05-2024_03-34-37.jpg,43,51.4
21-09-2024_21-35-59.jpg,43,51.4
21-05-2024_20-31-59.jpg,43,51.4
frame_8100.jpg,43,51.4
21-05-2024_05-44-56.jpg,43,51.4
21-09-2024_21-27-19.jpg,43,51.4
21-05-2024_21-41-59.jpg,43,51.4
21-05-2024_19-11-00.jpg,43,51.4
21-03-2024_11-35-17.jpg,43,51.4
21-09-2024_15-00-49.jpg,43,51.4
21-09-2024_17-54-03.jpg,43,51.4
21-05-2024_16-37-27.jpg,43,51.4
21-05-2024_03-22-58.jpg,43,51.4
21-09-2024_22-02-37.jpg,43,51.4
21-05-2024_16-35-07.jpg,43,51.4
22-09-2024_00-11-22.jpg,43,51.4
21-09-2024_03-10-59.jpg,43,51.4
21-05-2024_02-33-40.jpg,43,51.4
22-05-2024_00-16-23.jpg,43,51.4
21-05-2024_05-13-14.jpg,43,51.4
21-05-2024_02-07-00.jpg,43,51.4
21-09-2024_21-02-39.jpg,43,51.4
22-09-2024_00-01-22.jpg,43,51.4
21-05-2024_17-49-02.jpg,43,51.4
21-05-2024_02-45-19.jpg,43,51.4
21-05-2024_05-34-56.jpg,43,51.4
21-09-2024_23-39-42.jpg,43,51.4
21-05-2024_19-34-41.jpg,43,51.4
21-05-2024_08-21-51.jpg,43,51.4
21-03-2024_17-45-02.jpg,43,51.4
22-05-2024_00-00-22.jpg,43,51.4
21-09-2024_16-53-21.jpg,43,51.4
frame_41400.jpg,43,51.4
21-05-2024_00-54-59.jpg,43,51.4
21-05-2024_23-11-02.jpg,43,51.4
5024_13-_18416.jpg,43,51.4
22-09-2024_00-10-22.jpg,43,51.4
21-05-2024_15-33-49.jpg,43,51.4
21-09-2024_05-22-14.jpg,43,51.4
21-05-2024_10-15-07.jpg,43,51.4
21-03-2024_14-0.jpg,43,51.4
21-05-2024_10-14-07.jpg,43,51.4
21-09-2024_20-35-59.jpg,43,51.4
21-05-2024_04-11-17.jpg,43,51.4
024_07-40-47.jpg,43,51.4
21-05-2024_04-46-36..jpg,43,51.4
21-09-2024_23-40-42.jpg,43,51.4
21-05-2024_00-36-59.jpg,43,51.4
21-09-2024_16-50-21..jpg,43,51.4
frame_32400.jpg,43,51.4
21-09-2024_16-31-20.jpg,43,51.4
21-05-2024_02-02-00.jpg,43,51.4
frame_54000.jpg,43,51.4
21-09-2024_01-05-39.jpg,43,51.4
21-09-2024_21-31-59.jpg,43,51.4
21-09-2024_14-0.jpg,43,51.4
024_06-53-46.jpg,43,51.4
21-05-2024_02-26-40.jpg,43,51.4
21-03-2024_00-59-59_|.jpg,43,51.4
21-09-2024_21-56-32..jpg,43,51.4
21-09-2024_01-14-39.jpg,43,51.4
21-09-2024_22-16-37.jpg,43,51.4
21-09-2024_11-49-17.jpg,43,51.4
21-09-2024_21-01-39.jpg,43,51.4
21-09-2024_21-29-19.jpg,43,51.4
21-05-2024_03-27-58.jpg,43,51.4
21-05-2024_04-24-56.jpg,43,51.4
21-09-2024_05-51-56.jpg,43,51.4
21-09-2024_17-23-02.jpg,43,51.4
21-09-2024_19-45-41.jpg,43,51.4
21-05-2024_17-08-03.jpg,43,51.4
21-05-2024_05-54-56.jpg,43,51.4
21-03-2024_07-26_4?.jpg,43,51.4
21-05-2024_16-52-21.jpg,43,51.4
"21-09_4_08-44-52"".jpg",43,51.4
21-05-2024_03-35-37.jpg,43,51.4
21-05-2024_04-53-36.jpg,43,51.4
21-05-2024_05-09-14.jpg,43,51.4
21-05-2024_0975-.jpg,43,51.4
21-09-2024_17-25-02.jpg,43,51.4
21-05-2024_04-_49_-36.jpg,43,51.4
21-05-2024_05-03-36.jpg,43,51.4
frame_20700.jpg,43,51.4
21-05-2024_01-44-20.jpg,43,51.4
21-03-2024_17-51-02.jpg,43,51.4
21-09-2024_04-06-17.jpg,43,51.4
21-09-2024_01-33-20.jpg,43,51.4
21-05-2024_02-12-00.jpg,43,51.4
21-09-2024_02-55-19.jpg,43,51.4
frame_52200.jpg,43,51.4
21-05-2024_21-23-19.jpg,43,51.4
21-09-2024_11-52-17.jpg,43,51.4
21-09-2024_07-31_47.jpg,42,51.6
21-05-2024_05-15-14.jpg,42,51.6
21-09-2024_15-53-49.jpg,42,51.6
21-09-2024_05-37-56.jpg,42,51.6
|-.jpg,42,51.6
frame_2700.jpg,42,51.6
21-09-2024_22-06-37.jpg,42,51.6
21-69-2024_15-26-49.jpg,42,51.6
frame_23400.jpg,42,51.6
22-09-2024_00-03-22.jpg,42,51.6
21-09-2024_02-53-19.jpg,42,51.6
21-05-2024_05-24-14.jpg,42,51.6
21-03-2024_17-30-02.jpg,42,51.6
21-05-2024_00-31-20.jpg,42,51.6
21-09-2024_07-25_47.jpg,42,51.6
21-09-2024_23-34-42.jpg,42,51.6
21-09-2024_04-34-56.jpg,42,51.6
21-05-2024_06-09-44.jpg,42,51.6
21-05-2024_00-19-20.jpg,42,51.6
21-03-2024_15-52-49.jpg,42,51.6
21-05-2024_02-54-19.jpg,42,51.6
21-05-2024_03-16-58.jpg,42,51.6
21-09-2024_21-10-19.jpg,42,51.6
21-09-2024_21-07-19.jpg,42,51.6
21-09-2024_19-39-41.jpg,42,51.6
frame_19800.jpg,42,51.6
8-09.jpg,42,51.6
21-99-2024_3-37_16.jpg,42,51.6
21-05-2024_00-12-20.jpg,42,51.6
21-05-2024_00-20-20.jpg,42,51.6
21-05-2024_01-50-20.jpg,42,51.6
21-05-2024_20-44-39.jpg,42,51.6
21-09-2024_11-42-17.jpg,42,51.6
21-09-2024_16-00-03.jpg,42,51.6
1-09.jpg,42,51.6
21-09-2024_21-17-19.jpg,42,51.6
21-09-2024_21-12-19.jpg,42,51.6
21-05-2024_01-06-39.jpg,42,51.6
21-09-2024_15-55-49.jpg,42,51.6
21-05-2024_15-04-49.jpg,42,51.6
21-05-2024_16-55-21.jpg,42,51.6
24_06-46-46.jpg,42,51.6
21-05-2024_03-42-37.jpg,42,51.6
21-05-2024_03-19-58.jpg,42,51.6
21-09-2024_21-34-59.jpg,42,51.6
21-05-2024_04-59-36.jpg,42,51.6
21-09-2024_21-26-19.jpg,42,51.6
21-05-2024_04-47-36.jpg,42,51.6
21-05-2024_20-05-19.jpg,42,51.6
"Es_goed_OB_-41_52,.jpg",42,51.6
21-03-2024_21-43-53..jpg,42,51.6
21-09-2024_01-39-20.jpg,42,51.6
21-05-2024_10-09-07.jpg,42,51.6
10-52.jpg,42,51.6
21-09-2024_23-54-42.jpg,42,51.6
21-05-2024_05-32-14.jpg,42,51.6
22-09-2024_00-22-23.jpg,42,51.6
21-05-2024_06-05-44.jpg,42,51.6
21-05-2024_00-25-20.jpg,42,51.6
21-05-2024_02-20-40.jpg,42,51.6
21-09-2024_3-_6-16.jpg,42,51.6
21-09-2024_17-31-02.jpg,42,51.6
21-09-2024_17-09-03.jpg,42,51.6
21-05-2024_20-03-19.jpg,42,51.6
21-09-2024_01-45-20.jpg,42,51.6
21-09-2024_04-57-36.jpg,42,51.6
024_06-12-52.jpg,42,51.6
21-03-2024_13-41-16.jpg,42,51.6
21-05-2024_01-37-20.jpg,42,51.6
21-09-2024_05-36-56.jpg,42,51.6
21-05-2024_23-20-01.jpg,42,51.6
21-09-2024_23-56-42.jpg,42,51.6
21-05-2024_17-18-02.jpg,42,51.6
21-05-2024_20-22-59.jpg,42,51.6
21-09-2024_16-36-27.jpg,42,51.6
21-09-2024_16-27-20.jpg,42,51.6
21-05-2024_22-50-22.jpg,42,51.6
21-05-2024_00-22-20.jpg,42,51.6
21-09-2024_16-01-49.jpg,42,51.6
3-09.jpg,42,51.6
21-05-2024_05-17-14.jpg,42,51.6
21-05-2024_23-12-02.jpg,42,51.6
21-05-2024_15-16-49.jpg,42,51.6
21-05-2024_23-01-22.jpg,42,51.6
21-09-2024_10-41-21.jpg,42,51.6
21-05-2024_19-00-21.jpg,42,51.6
21-05-2024_16-23-20.jpg,42,51.6
21-05-2024_20-56-39.jpg,42,51.6
21-05-2024_02-17-40.jpg,42,51.6
21-09-2024_17-45-02.jpg,42,51.6
21-05-2024_17-10-03.jpg,42,51.6
21-05-2024_20-32-59.jpg,42,51.6
21-09-2024_16-11-07.jpg,42,51.6
21-03-2024_05-52-56.jpg,42,51.6
22-09-2024_00-15-22.jpg,42,51.6
frame_21600.jpg,42,51.6
21-05-2024_19-26-41.jpg,42,51.6
22-09-2024_00-25-23.jpg,42,51.6
21-09-2024_23-35-42.jpg,42,51.6
‘--Z2024_06-47-52.jpg,42,51.6
21-05-2024_23-30-01.jpg,42,51.6
21-05-2024_02-41-19.jpg,42,51.6
21-05-2024_22-31-16.jpg,42,51.6
21-09-2024_21-45-59.jpg,42,51.6
21-05-2024_10-22-07.jpg,42,51.6
21-05-2024_01-13-39.jpg,42,51.6
2s\—)_2024_08-52-52..jpg,42,51.6
21-05-2024_04-45-36.jpg,42,51.6
21-05-2024_15-07-49.jpg,42,51.6
21-05-2024_22-36-16.jpg,42,51.6
21-05-2024_22-47-22.jpg,42,51.6
“A-O5-2024_10-54_109..jpg,42,51.6
21-03-2024_15-19-49.jpg,42,51.6
21-05-2024_10-24-07.jpg,42,51.6
21-05-2024_04-36-56.jpg,42,51.6
21-05-2024_02-31-40.jpg,42,51.6
21-05-2024_16-06-03.jpg,42,51.6
21-05-2024_00-16-51.jpg,42,51.6
21-09-2024_O7-24_4?.jpg,42,51.6
21-09-2024_16-09-49.jpg,42,51.6
21-05-2024_01-47-20.jpg,42,51.6
21-09-2024_02-22-40.jpg,42,51.6
frame_48600.jpg,42,51.6
21-09-2024_22-59-22.jpg,42,51.6
21-05-2024_01-02-39.jpg,42,51.6
21-05-2024_21-21-19.jpg,42,51.6
21-05-2024_02-10-00.jpg,42,51.6
O24_11-25-17.jpg,42,51.6
22-05-2024_00-02-22.jpg,42,51.6
23-09-2024_1-30-09.jpg,42,51.6
23-09-2024_04-41-59.jpg,42,51.6
23-05-2024_01-36-47.jpg,42,51.6
23-09-2024_03-57-36..jpg,42,51.6
23-09-2024_01-34-47.jpg,42,51.6
24-09-2024_04-22-17.jpg,42,51.6
23-09-2024_16-45-35.jpg,42,51.6
frame_15300.jpg,42,51.6
23-09-2024_03-22-25.jpg,42,51.6
frame_16200.jpg,42,51.6
23-03-2024_13-13-.jpg,42,51.6
23-09-2024_08-1.jpg,42,51.6
23-03-2024_06-15-.jpg,42,51.6
23-09-2024_17-43-54.jpg,42,51.6
23-09-2024_19-15-10.jpg,42,51.6
23-09-2024_05-27-38.jpg,42,51.6
23-09-2024_09-3.jpg,42,51.6
23-09-2024_99-08.jpg,42,51.6
23-09-2024_16-52-34.jpg,42,51.6
23-09-2024_22-13-28.jpg,42,51.6
23-09-2024_16-58-34.jpg,42,51.6
23-05-2024_04-29-17.jpg,42,51.6
23-03-2024_09-11.jpg,42,51.6
#NAME?,42,51.6
23-05-2024_17-27-54.jpg,42,51.6
23-09-2024_19-43-50.jpg,42,51.6
frame_1800.jpg,42,51.6
23-05-2024_01-40-47.jpg,42,51.6
23-09-2024_02-30-05.jpg,42,51.6
23-09-2024_10-02-54.jpg,42,51.6
23-09-2024_13-29-.jpg,42,51.6
24-09-2024_10-14-54.jpg,42,51.6
“3-09-2024_20-_a4-_46.jpg,42,51.6
23-09-2024_99-43-5.jpg,41,51.8
Z3-09-20Z4_13-49-_2.jpg,41,51.8
23-09-2024_O9-24°5.jpg,41,51.8
23-09-2024_1-33-09.jpg,41,51.8
23-09-2024_07-51-06.jpg,41,51.8
23-05-2024_02-59-26.jpg,41,51.8
23-09-2024_17-21-34.jpg,41,51.8
23-05-2024_12-50-14.jpg,41,51.8
23-09-2024_01-37-47.jpg,41,51.8
23-09-2024_04-20-17.jpg,41,51.8
23-09-2024_22-21-28.jpg,41,51.8
23-05-2024_05-06-37.jpg,41,51.8
24_20-32-46..jpg,41,51.8
23-09-2024_1-37-09.jpg,41,51.8
23-09-2024_23-59-07.jpg,41,51.8
23-03-2024_68-1.jpg,41,51.8
23-05-2024_07-50-06.jpg,41,51.8
23-05-2024_06-06-25.jpg,41,51.8
23-09-2024_23-25-26.jpg,41,51.8
23-09-2024_06-04-25.jpg,41,51.8
23-05-2024_17-44-54.jpg,41,51.8
frame_33300.jpg,41,51.8
23-09-2024_21-56-_48.jpg,41,51.8
23-09-2024_04-45-59.jpg,41,51.8
23-09-2024_16-23-35.jpg,41,51.8
23-09-2024_10-00-.jpg,41,51.8
23-09-2024_06-16-_-.jpg,41,51.8
23-05-2024_17-42-54.jpg,41,51.8
23-05-2024_06-52-25.jpg,41,51.8
23-05-2024_17-11-34.jpg,41,51.8
23-05-2024_14-45-48.jpg,41,51.8
23-05-2024_23-01-47.jpg,41,51.8
23-05-2024_00-53-27.jpg,41,51.8
23-09-2024_01-32-47.jpg,41,51.8
23-03-2024_06-07-25.jpg,41,51.8
23-09-2024_05-16-37.jpg,41,51.8
J_-2024_06-39-25.jpg,41,51.8
23-09-2024_23-41-26.jpg,41,51.8
23-05-2024_16-37-35.jpg,41,51.8
23-09-2024_14-24-48.jpg,41,51.8
24-05-2024_00-10-07.jpg,41,51.8
23-09-2024_03-59-36.jpg,41,51.8
23-09-2024_02-57-46.jpg,41,51.8
23-09-2024_19-41-50.jpg,41,51.8
23-03-2024_10-07-.jpg,41,51.8
23-03-2024_23-12-47?.jpg,41,51.8
23-09-2024_17-07-34.jpg,41,51.8
23-09-2024_16-15-54.jpg,41,51.8
23-09-2024_14-03-41.jpg,41,51.8
23-09-2024_00-41-27.jpg,41,51.8
23-05-2024_02-55-46.jpg,41,51.8
23-09-2024_10-15-.jpg,41,51.8
23-09-2024_20-55-46.jpg,41,51.8
23-05-2024_01-46-27.jpg,41,51.8
23-03-2024_15-02-48.jpg,41,51.8
23-09-2024_02-46-46.jpg,41,51.8
frame_46800.jpg,41,51.8
2024_06-40-25.jpg,41,51.8
23-09-2024_16-57-34.jpg,41,51.8
23-09-2024_1-36-09.jpg,41,51.8
23-03-2024_07-55-06.jpg,41,51.8
23-05-2024_02-40-46.jpg,41,51.8
23-09-2024_04-51-58.jpg,41,51.8
23-05-2024_01-16-07.jpg,41,51.8
23-09-2024_23-15-47.jpg,41,51.8
23-09-2024_16-16-54.jpg,41,51.8
23-09-2024_16-43-57.jpg,41,51.8
23-09-2024_05-36-18.jpg,41,51.8
23-09-2024_01-35-47.jpg,41,51.8
23-05-2024_03-03-26.jpg,41,51.8
23-09-2024_16-06-54.jpg,41,51.8
frame_8100.jpg,41,51.8
23-03-2024_14-26-48.jpg,41,51.8
23-05-2024_02-49-46.jpg,41,51.8
23-09-2024_13-18-.jpg,41,51.8
23-09-2024_03-52-36.jpg,41,51.8
3-05-2024_22-37-08.jpg,41,51.8
23-05-2024_10-31-.jpg,41,51.8
23-09-2024_22-20-28.jpg,41,51.8
23-09-2024_22-30-28.jpg,41,51.8
23-05-2024_16-49-35.jpg,41,51.8
23-09-2024_00-45-27.jpg,41,51.8
©_09-2024_20-47-46.jpg,41,51.8
23-09-2024_05-46-18.jpg,41,51.8
23-09-2024_01-03-07.jpg,41,51.8
23-09-2024_08-58.jpg,41,51.8
23-09-2024_15-09-46.jpg,41,51.8
23-09-2024_1-24-09.jpg,41,51.8
23-09-2024_22-03-48.jpg,41,51.8
23-05-2024_14-33-46.jpg,41,51.8
23-09-2024_17-02-34.jpg,41,51.8
23-09-2024_01-52-27.jpg,41,51.8
23-09-2024_16-59-34.jpg,41,51.8
23-09-2024_19-33-10.jpg,41,51.8
23-09-2024_17-46-54.jpg,41,51.8
frame_41400.jpg,41,51.8
23-09-2024_05-53-19.jpg,41,51.8
23-05-2024_08-2.jpg,41,51.8
23-09-2024_02-50-46.jpg,41,51.8
23-09-2024_06-20-.jpg,41,51.8
23-09-2024_12-51-14.jpg,41,51.8
23-09-2024_05-09-37.jpg,41,51.8
23-05-2024_23-24-26.jpg,41,51.8
23-09-2024_10-19-.jpg,41,51.8
23-09-2024_22-52-08.jpg,41,51.8
23-09-2024_15-05-46.jpg,41,51.8
23-09-2024_0B-Z.jpg,41,51.8
23-09-2024_19-57-49.jpg,41,51.8
23-09-2024_14-07-4.jpg,41,51.8
23-09-2024_04-43-59.jpg,41,51.8
frame_32400.jpg,41,51.8
93-2024_15-38_33.jpg,41,51.8
24-05-2024_00-37-45.jpg,41,51.8
24-09-2024_13-34-20.jpg,41,51.8
24-09-2024_O5-57_322.jpg,41,51.8
24-09-2024_17-16_12.jpg,41,51.8
24-05-2024_21-59-37..jpg,41,51.8
24-09-2024_19-16-28.jpg,41,51.8
24-05-2024_22-31-58.jpg,41,51.8
24-09-2024_08-24-20.jpg,41,51.8
24-05-2024_00-45-24.jpg,41,51.8
4-09-2024_11-10-52.jpg,41,51.8
24-09-2024_14-37-34.jpg,41,51.8
24-05-2024_19-25-28.jpg,41,51.8
03-2024_06-34-32..jpg,41,51.8
24-05-2024_02-53-44.jpg,41,51.8
24-05-2024_13-52-34.jpg,41,51.8
09-2024_06-_168_3.jpg,41,51.8
24-09-2024_12-17-07.jpg,41,51.8
16-18.jpg,41,51.8
24-05-2024_01-13-05.jpg,41,51.8
24-03-2024_13-43-20.jpg,41,51.8
24-05-2024_17-08_41.jpg,41,51.8
24-09-2024_01-01-25.jpg,41,51.8
24-09-2024_02-15-24.jpg,41,51.8
24-05-2024_21-43-37.jpg,41,51.8
24-05-2024_22-13-17.jpg,41,51.8
24-05-2024_O06-.jpg,41,51.8
24-09-2024_22-52-58.jpg,41,51.8
24-09-2024_09-54-47.jpg,41,51.8
24-09-2024_12-12-07.jpg,41,51.8
24-05-2024_O77-_34-12.jpg,41,51.8
24-05-2024_14-59-33.jpg,41,51.8
24-05-2024_04-15-43.jpg,41,51.8
24-05-2024_20-33-36.jpg,41,51.8
24-09-2024_13-09-21.jpg,41,51.8
24-03-2024_13-11-21.jpg,41,51.8
24-05-2024_03-40-04.jpg,41,51.8
frame_30600.jpg,41,51.8
»_2024_09-04.jpg,41,51.8
frame_24300.jpg,41,51.8
1_2084_og-07-28°.jpg,41,51.8
24-09-2024_21-15-17.jpg,41,51.8
24-09-2024_02-06-24.jpg,41,51.8
24-09-2024_14-33-34.jpg,41,51.8
24-09-2024_07-57-07.jpg,41,51.8
24-05-2024_01-26-44.jpg,41,51.8
frame_15300.jpg,41,51.8
24-05-2024_19-15-28.jpg,41,51.8
frame_16200.jpg,41,51.8
249-2024_18-52-46.jpg,41,51.8
24-09-2024_04-50-04.jpg,41,51.8
24-05-2024_17-10_41.jpg,41,51.8
24-05-2024_17-17_12.jpg,41,51.8
"9-2024_15-30-33,.jpg",41,51.8
24-03-2024_10-31-51¢.jpg,41,51.8
24-05-2024_21-55-37.jpg,41,51.8
0-48..jpg,41,51.8
-Z024_10-56-52.jpg,41,51.8
24-03-2024_14-36-34.jpg,41,51.8
24-05-2024_14-13-34.jpg,41,51.8
24-09-2024_17-51-12.jpg,41,51.8
09-2024_96-2_3g.jpg,41,51.8
24-09-2024_16-40-44..jpg,41,51.8
24-05-2024_14-15-34.jpg,41,51.8
24-05-2024_14-25-34.jpg,41,51.8
24-09-2024_14-47-34.jpg,41,51.8
frame_1800.jpg,41,51.8
24-03-2024_06-02-32.jpg,41,51.8
24-03-2024_16-_45-44.jpg,41,51.8
24-09-2024_23-30-18.jpg,40,52
24-05-2024_17-55-40.jpg,40,52
24-09-2024_13-13-21.jpg,40,52
24-05-2024_21-42-37.jpg,40,52
24-09-2024_13-53-34.jpg,40,52
24-05-2024_01-32-44.jpg,40,52
24-05-2024_23-46-56.jpg,40,52
24-09-2024_19-34-28.jpg,40,52
24-09-2024_21-31-58.jpg,40,52
5-33.jpg,40,52
><_98-2024_06-22-22.jpg,40,52
24-05-2024_04-42-24.jpg,40,52
+_~_@3-2024_06-46-12.jpg,40,52
24-05-2024_20-02-56.jpg,40,52
24-09-2024_23-31-18.jpg,40,52
24-09-2024_14-23-34.jpg,40,52
24-09-2024_13-03-21.jpg,40,52
-@5-2024_06-2_4-32_-.jpg,40,52
09-2024_O6-Z26gs)_|.jpg,40,52
24-05-2024_22-24-17.jpg,40,52
24-09-2024_19-17-28.jpg,40,52
24-05-2024_05-39-22.jpg,40,52
frame_33300.jpg,40,52
24-05-2024_04-41-24.jpg,40,52
24-05-2024_01-34-44.jpg,40,52
24-09-2024_10-35-51.jpg,40,52
24-05-2024_03-01-44.jpg,40,52
24-09-2024_14-56-33.jpg,40,52
24-05-2024_19-47-06.jpg,40,52
24-05-2024_04-25-24.jpg,40,52
-05-2024_11-04-52.jpg,40,52
24-05-2024_02-35-04.jpg,40,52
24-03-2024_08-03-07?__.jpg,40,52
"99-2024_06-157°""*.jpg",40,52
24-05-2024_16-34-07.jpg,40,52
24-09-2024_12-20-07.jpg,40,52
24-05-2024_21-44-37.jpg,40,52
24-05-2024_06-05-07.jpg,40,52
24-05-2024_02-50-44.jpg,40,52
24-05-2024_21-27-58.jpg,40,52
24-09-2024_00-35-45.jpg,40,52
24-09-2024_19-51-06.jpg,40,52
24-05-2024_01-51-44.jpg,40,52
24-09-2024_05-15-44.jpg,40,52
24-05-2024_01-47-44.jpg,40,52
24-05-2024_00-23-45.jpg,40,52
24-05-2024_20-17-56.jpg,40,52
05-2024_12-46-21.jpg,40,52
"24-09-2024_19-49-06"".jpg",40,52
"75_2024_08-_ta-20"".jpg",40,52
24-05-2024_01-56-24.jpg,40,52
4_6-2018°.jpg,40,52
24-09-2024_13-28-20.jpg,40,52
24-05-2024_03-52-04.jpg,40,52
24-09-2024_16-54-46.jpg,40,52
24-05-2024_23-42-18.jpg,40,52
24-05-2024_04-23-24.jpg,40,52
frame_46800.jpg,40,52
24-05-2024_00-43-24.jpg,40,52
24-05-2024_22-06-17.jpg,40,52
24-09-2024_16-43_ae.jpg,40,52
24-05-2024_02-51-44.jpg,40,52
24-09-2024_02-16-24.jpg,40,52
-4-08-2024_11-16-52.jpg,40,52
24-09-2024_23-16-36.jpg,40,52
24-05-2024_23-43-18..jpg,40,52
24-05-2024_14-21-34.jpg,40,52
24-05-2024_17-35_12.jpg,40,52
24-05-2024_01-04-05.jpg,40,52
24-05-2024_04-37-24.jpg,40,52
24-09-2024_15-06-33.jpg,40,52
24-09-202._16-i5!.jpg,40,52
24-05-2024_02-44-44.jpg,40,52
24-05-2024_02-59-44.jpg,40,52
24-03-2024_12-15-07.jpg,40,52
24-05-2024_01-36-44.jpg,40,52
24-05-2024_17-37_12.jpg,40,52
25-09-2024_00-01-55.jpg,40,52
24-05-2024_01-59-24.jpg,40,52
24-05-2024_03-54-04.jpg,40,52
24-05-2024_22-03-37.jpg,40,52
24-09-2024_05-14-44.jpg,40,52
frame_8100.jpg,40,52
24-05-2024_17-21_12.jpg,40,52
24-03-2024_18-20-40..jpg,40,52
24-05-2024_14-08-34.jpg,40,52
24-05-2024_19-33-28.jpg,40,52
24-05-2024_17-53-12.jpg,40,52
24-09-2024_16_39-41.jpg,40,52
“45_—t_3-_2024_15-97-_3-5.jpg,40,52
24-05-2024_19-36-28.jpg,40,52
24-09-2024_13-04-21.jpg,40,52
24-05-2024_16-41_41.jpg,40,52
24-05-2024_02-47-44.jpg,40,52
24-09-2024_14-53-33.jpg,40,52
24-09-2024_07-41-12.jpg,40,52
24-05-2024_16-12-40.jpg,40,52
24-05-2024_01-09-05.jpg,40,52
O24_10-00-47.jpg,40,52
24-05-2024_15-46-06.jpg,40,52
24-09-2024_20-21-56.jpg,40,52
24-09-2024_16-38_41°.jpg,40,52
"89-2024_06_48-12"".jpg",40,52
24-05-2024_04-04-43.jpg,40,52
24-09-2024_16-47_44..jpg,40,52
24-09-2024_19-42-06».jpg,40,52
24-09-2024_01-23-05.jpg,40,52
24-05-2024_02-22-04.jpg,40,52
24-05-2024_12-18-07.jpg,40,52
24-05-2024_13-15-21.jpg,40,52
24-05-2024_20-04-56.jpg,40,52
24-03-2024_13-24-20.jpg,40,52
24-09-2024_07-59-07.jpg,40,52
24-09-2024_16-57-46.jpg,40,52
24-03-2024_11-34-08.jpg,40,52
24-05-2024_02-20-04.jpg,40,52
24-05-2024_13-02-21.jpg,40,52
"93-2024_15-27-33,.jpg",40,52
24-05-2024_00-20-45.jpg,40,52
24-05-2024_17-27_12.jpg,40,52
frame_41400.jpg,40,52
24-09-2024_18-24-07.jpg,40,52
24-05-2024_02-36-04.jpg,40,52
24-05-2024_12-52-20.jpg,40,52
24-03-2024_12-23-07?.jpg,40,52
24-05-2024_21-20-58.jpg,40,52
024_10-01-47_'.jpg,40,52
24-09-2024_08-17-07.jpg,40,52
24-09-2024_18-15-40_-.jpg,40,52
24-05-2024_17-46_12.jpg,40,52
24-09-2024-_=48-19-.jpg,40,52
24-09-2024_23-21-18.jpg,40,52
9-2024_10-28-51.jpg,40,52
15-47-33.jpg,40,52
24-05-2024_21-35-58.jpg,40,52
24-03-2024_09-55-47.jpg,40,52
24-05-2024_14-10-34.jpg,40,52
frame_32400.jpg,40,52
24-05-2024_15-44-06.jpg,40,52
24-05-2024_00-56-25.jpg,40,52
frame_54000.jpg,40,52
24-03-2024_14-19-34.jpg,40,52
24-09-2044_13-48-35.jpg,40,52
24-05-2024_22-05-17.jpg,40,52
24-05-2024_01-00-25.jpg,40,52
24-09-2024_00-26-45—.jpg,40,52
4-09-2024_11-13-52.jpg,40,52
24-09-2024_11-31-08.jpg,40,52
9-2024_11-01-52_|.jpg,40,52
24-09-2024_15-52-18.jpg,40,52
6_23-_18.jpg,40,52
24-05-2024_20-30-36.jpg,40,52
039-2024_12-43-21.jpg,40,52
24-05-2024_03-20-24.jpg,40,52
24-05-2024_20-45-36.jpg,40,52
24-09-2024_06-08-32.jpg,40,52
24-05-2024_23-32-18.jpg,40,52
24-05-2024_05-09-44.jpg,40,52
93-2024_12-05-07.jpg,40,52
24-09-2024_O8_51-_20.jpg,40,52
A-O03-2024_11-24-08.jpg,40,52
-99-2024_46-06_128.jpg,40,52
24-09-2024_06-14-_87.jpg,40,52
24-05-2024_04-30-24.jpg,40,52
24-09-2024_22-54-38.jpg,40,52
24-05-2024_03-23-24.jpg,40,52
24-05-2024_03-39-04.jpg,40,52
24-09-2024_23-50-55.jpg,40,52
24-03-2024_O68_-52-20.jpg,40,52
24-03-2024_18-17-40.jpg,40,52
24-05-2024_05-41-22.jpg,40,52
24-05-2024_01-17-05.jpg,40,52
24-05-2024_01-43-44.jpg,40,52
24-05-2024_14-06-34.jpg,40,52
24-05-2024_17-31_12.jpg,40,52
24-09-2024_00-54-25.jpg,40,52
24-05-2024_16-51-46.jpg,40,52
frame_20700.jpg,40,52
24-05-2024_04-27-24.jpg,40,52
24-05-2024_21-13-17.jpg,40,52
frame_51300.jpg,40,52
24-09-2024_16-58_1.jpg,40,52
frame_52200.jpg,40,52
24-05-2024_05-11-44.jpg,40,52
4-09-2024_11-12-52.jpg,40,52
24-05-2024_21-29-58.jpg,40,52
frame_62100.jpg,40,52
24-05-2024_05-37-22.jpg,40,52
24-05-2024_07-53-07.jpg,40,52
24-09-2024_19-52-06.jpg,40,52
24-05-2024_16-46-47.jpg,40,52
24-05-2024_03-07-24.jpg,40,52
24-09-2024_20-15-56.jpg,40,52
09-2024_06-38-32.jpg,40,52
24-09-2024_16-39-08.jpg,40,52
24-05-2024_03-09-24.jpg,40,52
24-05-2024_16-54._1.jpg,40,52
24-05-2024_21-53-37.jpg,40,52
24-09-2024_16-25-07.jpg,40,52
24-05-2024_02-03_24.jpg,40,52
24-05-2024_03-51-04.jpg,40,52
24-09-2024_19-00-46.jpg,40,52
frame_2700.jpg,40,52
frame_23400.jpg,40,52
24-05-2024_06-07-32.jpg,40,52
24-05-2024_10-44-51.jpg,40,52
24-05-2024_20-31-36.jpg,40,52
24-05-2024_02-49-44.jpg,40,52
24-05-2024_17-41_12.jpg,40,52
24-09-2024_07-51-07.jpg,40,52
24-05-2024_05-21-44.jpg,40,52
24-05-2024_02-29-04.jpg,40,52
24-05-2024_19-46-06.jpg,40,52
47-19.jpg,40,52
24-08-2024_13-23-20.jpg,40,52
24-05-2024_03-14-24.jpg,40,52
24-03-2024_16-37_ais.jpg,40,52
24-05-2024_23-19-18.jpg,40,52
-2024_10-26-51.jpg,40,52
24-09-2024_22-41-58.jpg,40,52
24-05-2024_20-01-56.jpg,40,52
24-05-2024_19-03-46.jpg,40,52
24-09-2024_07-40-12.jpg,40,52
24-05-2024_01-14-05.jpg,40,52
24-09-2024_21-47-37.jpg,40,52
frame_19800.jpg,40,52
24-05-2024_10-45-51.jpg,40,52
24-05-2024_23-20-18.jpg,40,52
24-05-2024_23-12-38.jpg,40,52
299-2024_06-43-12.jpg,40,52
24-03-2024_11-36-08.jpg,40,52
24-09-2024_15-5-_18.jpg,40,52
24-03-2024_O7-55-07.jpg,40,52
24-05-2024_07-56-07.jpg,40,52
24-05-2024_20-06-56.jpg,40,52
24-05-2024_01-45-44.jpg,40,52
24-05-2024_21-12-17.jpg,40,52
24-05-2024_02-46-44.jpg,40,52
24-05-2024_13-17-21.jpg,40,52
24-09-2024_14-12-34.jpg,40,52
24-05-2024_14-04-34.jpg,40,52
39-2024_15-28-_33.jpg,40,52
24-03-2024_13-45-35.jpg,40,52
24-05-2024_13-00-20.jpg,40,52
24-05-2024_23-13-38.jpg,40,52
24-09-2024_05-16-44.jpg,40,52
4-09-2024_11-14-52.jpg,40,52
24-08-2024_13-29-20.jpg,40,52
24-09-2024_06-10-07.jpg,40,52
24-03-2024_13-20-21.jpg,40,52
24-05-2024_11-32-06.jpg,40,52
1-48.jpg,40,52
24-09-2024_19-32-28.jpg,40,52
24-05-2024_20-55-17.jpg,40,52
24-03-2024_13-56-34.jpg,40,52
24-09-2024_15-07-_46.jpg,40,52
24-05-2024_03-31-04.jpg,40,52
24-09-2024_23-52-55.jpg,40,52
24-09-2024_06-16-07.jpg,40,52
24-05-2024_22-21-17.jpg,40,52
24-05-2024_03-42-04.jpg,40,52
24-09-2024_13-58-34.jpg,40,52
24-05-2024_05-50-22.jpg,40,52
24-05-2024_20-03-56.jpg,40,52
24-05-2024_04-34-24.jpg,40,52
4-48.jpg,40,52
-2024_10-23-51.jpg,40,52
24-03-2024._13-49-35.jpg,40,52
24-05-2024_04-45-04.jpg,40,52
24-05-2024_14-30-34.jpg,40,52
24-05-2024_04-03-43.jpg,40,52
24-05-2024_13-51-34.jpg,40,52
24-05-2024_03-57-43.jpg,40,52
24-03-2024_16-48_4.jpg,40,52
24-05-2024_00-36-24.jpg,40,52
24-05-2024_04-00-43.jpg,40,52
24-09-2024_10-29-51.jpg,40,52
1-18.jpg,40,52
24-05-2024_03-26-24.jpg,40,52
—2024_10-53-52.jpg,40,52
24-05-2024_05-10-44.jpg,40,52
24-05-2024_00-30-45.jpg,40,52
24-05-2024_23-44-56.jpg,40,52
24-09-2024_10-49-51.jpg,40,52
24-09-2024_00-39-24.jpg,40,52
24-05-2024_03-25-24.jpg,40,52
24-05-2024_20-39-36.jpg,40,52
frame_21600.jpg,40,52
24-09-2024_23-37-18.jpg,40,52
24-09-2024_11-47-06.jpg,40,52
24-05-2024_21-57-37.jpg,40,52
4-09-2024_11-22-52_|.jpg,40,52
24-05-2024_03-33-04.jpg,40,52
24-05-2024_05-34-22.jpg,40,52
24-05-2024_17-34_12.jpg,40,52
20-09-2024_23-20-31.jpg,40,52
25-09-2024_01-31-35.jpg,40,52
2024_07-01-_1k.jpg,40,52
frame_21600.jpg,40,52
20-09-2024_19-25-17.jpg,40,52
-O9-2024_07-36-14.jpg,40,52
20-09-2024_02-24-55.jpg,40,52
20-09-2024_02-35-56.jpg,40,52
25-09-2024_05-54-47.jpg,40,52
25-09-2024_05-32-07.jpg,40,52
26-05-2024_00-20-10.jpg,40,52
20-09-2024_04-51-50.jpg,40,52
"2-99-2024_As-_42-31,.jpg",40,52
25-05-2024_04-42-51.jpg,40,52
20-09-2024_03-15-17.jpg,40,52
25-09-2024_00-36-15.jpg,40,52
"25-09-20Z""_14-33.jpg",40,52
20-09-2024_23-15-31.jpg,40,52
25-09-2024_10-29_122.jpg,40,52
#NAME?,40,52
25-05-2024_10-07-50.jpg,40,52
20-09-2024_23-34-10.jpg,40,52
25-09-2024_17-00-17.jpg,40,52
25-03-2024_09_17-13-.jpg,40,52
20-09-2024_02-01-16.jpg,40,52
99-2024_08-4_2.jpg,40,52
20-09-2024_19-49-24.jpg,40,52
25-03-2024_12_58_-_2.jpg,40,52
25-09-2024_01-29-35.jpg,40,52
024_11-34-21.jpg,40,52
20-09-2024_23-23-31.jpg,40,52
frame_48600.jpg,40,52
26-05-2024_00-19-10.jpg,40,52
20-09-2024_00-30-36.jpg,40,52
25-09-2024_02-23-55.jpg,40,52
25-05-2024_17-29-50.jpg,39,52.2
250-059-2024_23-40-10.jpg,39,52.2
(25-09_11-05-21_-.jpg,39,52.2
20-09-2024_19-31-17.jpg,39,52.2
25-09-2024_06-55-13.jpg,39,52.2
25-09-2024_12-47-37.jpg,39,52.2
20-09-2024_19-06-17.jpg,39,52.2
25-09-2024_11-36-28.jpg,39,52.2
25-09-2024_23-26-31.jpg,39,52.2
69-2024_10-54-_21.jpg,39,52.2
20-09-2024_03-17-17.jpg,39,52.2
20-09-2024_02-54-36.jpg,39,52.2
25-09-2024_02-41-36.jpg,39,52.2
25-09-2024_05-53-08.jpg,39,52.2
20-09-2024_19-45-24.jpg,39,52.2
“-Q9-2024_10-19_re.jpg,39,52.2
25-05-2024_16_9-17.jpg,39,52.2
20-09-2024_01-40-35.jpg,39,52.2
20-09-2024_16-36-22.jpg,39,52.2
20-09-2024_O2-57-36.jpg,39,52.2
25-09-2024_05-56-47.jpg,39,52.2
"09-2024_08-20_408,.jpg",39,52.2
20-09-2024_03-19-17.jpg,39,52.2
25-09-Za24_13-23%52.jpg,39,52.2
25-09-2024_10_43-02..jpg,39,52.2
20-09-2024_04-50-50.jpg,39,52.2
25-03-2024_16-04-50.jpg,39,52.2
20-09-2024_23-32-31.jpg,39,52.2
25-09-2024_13-11-52.jpg,39,52.2
25-09-2024_05-27-29.jpg,39,52.2
25-09-2024_03-29-55.jpg,39,52.2
25-09-2024_00-41-15.jpg,39,52.2
20-09-2024_20-34-52.jpg,39,52.2
25-09-2024_03-52-34.jpg,39,52.2
05-2024_06-11-_a7.jpg,39,52.2
20-05-2024_04-03-34.jpg,39,52.2
20-09-2024_02-53-36.jpg,39,52.2
25-09-2002_14-17_20).jpg,39,52.2
25-03-2024_13-44_52°.jpg,39,52.2
25-09-2024_16-59-17.jpg,39,52.2
99-2024_06-17_0°.jpg,39,52.2
“<s_§9-202Z4_11-00-21.jpg,39,52.2
20-09-2024_16-56-37.jpg,39,52.2
25-09-2024_16-02-50.jpg,39,52.2
‘25-09-2024_19-04-37.jpg,39,52.2
20-09-2024_20-25-52.jpg,39,52.2
20-09-2024_17-51-50.jpg,39,52.2
frame_27900.jpg,39,52.2
20-09-2024_20-23-06.jpg,39,52.2
20-09-2024_OF_-07-17.jpg,39,52.2
20-09-2024_23-09-31.jpg,39,52.2
20-09-2024_21-53-38.jpg,39,52.2
25-03-2024_17-47-50.jpg,39,52.2
25-03-2024_17-48-50.jpg,39,52.2
09-2024_12-32-36.jpg,39,52.2
20-09-2024_04-22-13.jpg,39,52.2
25-09-2024_06-_14242.jpg,39,52.2
25-09-2024_06-21_Dr.jpg,39,52.2
€5-03-2024_18-45-37.jpg,39,52.2
9-2024_07-05-12.jpg,39,52.2
25-09-2024_16_6-17.jpg,39,52.2
03-2024_12-30-36.jpg,39,52.2
25-09-2024_04_fo_-34.jpg,39,52.2
25-03-2024_16-05-50.jpg,39,52.2
20-09-2024_05-12-29.jpg,39,52.2
20-09-2024_02-30-56.jpg,39,52.2
25-09-2024_06-20-47.jpg,39,52.2
20-05-2024_02-37-36.jpg,39,52.2
25-09-2024_23-36-10.jpg,39,52.2
250-059-2024_22-11-17.jpg,39,52.2
frame_26100.jpg,39,52.2
06-13.jpg,39,52.2
25-09-2024_22-15-17.jpg,39,52.2
25-05-2024_9-40-31.jpg,39,52.2
25-09-2024_01-13-54.jpg,39,52.2
frame_38700.jpg,39,52.2
“09-2024_08-39_°F.jpg,39,52.2
20-05-2024_20-01-06.jpg,39,52.2
20-09-2024_20-31-52.jpg,39,52.2
25-05-2024_03-06-17.jpg,39,52.2
25-09-2024_17-16-17.jpg,39,52.2
05-2024_06-12-47_-.jpg,39,52.2
20-09-2024_03-06-17.jpg,39,52.2
25-03-2024_23-00-36.jpg,39,52.2
frame_10800.jpg,39,52.2
25-05-2024_03-26-55.jpg,39,52.2
25-09-2024_01-55-16.jpg,39,52.2
25-09-2024_17-52-50.jpg,39,52.2
25-09-2024_16_0-17.jpg,39,52.2
F_‘57-22.jpg,39,52.2
20-09-2024_03-47-55.jpg,39,52.2
25-09-2024_16-44-37.jpg,39,52.2
25-09-2024_06-17-42_-.jpg,39,52.2
25-09-2024_16-20-22.jpg,39,52.2
024_11-26-21.jpg,39,52.2
20-05-2024_02-46-36.jpg,39,52.2
25-03-2024_16_6-17.jpg,39,52.2
2_09-2024_00-02-10.jpg,39,52.2
20-09-2024_05-57-47.jpg,39,52.2
25-05-2024_00-42-15.jpg,39,52.2
19-2024_07-18-_ra.jpg,39,52.2
2_09-2024_60-01-10.jpg,39,52.2
09-2024._10-57-21.jpg,39,52.2
20-09-2024_10-16-22.jpg,39,52.2
20-09-2024_O05-_45_-07.jpg,39,52.2
20-09-2024_01-07-54.jpg,39,52.2
250-059-2024_01-15-54.jpg,39,52.2
20-09-2024_19-55-24.jpg,39,52.2
25-09-2024_05-31-07.jpg,39,52.2
25-09-2024_17-41-50.jpg,39,52.2
25-09-2024_23-10-31.jpg,39,52.2
20-09-2024_00-50-14.jpg,39,52.2
25-09-2024_19-41-24.jpg,39,52.2
250-059-2024_04-55-50.jpg,39,52.2
25-09-2024_10-39_‘af.jpg,39,52.2
25-03-2024_06-22_te.jpg,39,52.2
250-059-2024_21-31-39.jpg,39,52.2
25-09-2024_03-25-55.jpg,39,52.2
20-09-2024_19-24-17.jpg,39,52.2
frame_44100.jpg,39,52.2
4_13-52-20.jpg,39,52.2
20-09-2024_23-06-37.jpg,39,52.2
20-09-2024_19-17-17.jpg,39,52.2
20-09-2024_02-03-16.jpg,39,52.2
